Datetime,Water Level (m)
2026-04-13 12:00:00,-0.29231423
2026-04-13 13:00:00,-0.44360283
2026-04-13 14:00:00,-0.4867458
2026-04-13 15:00:00,-0.2753696
2026-04-13 16:00:00,-0.031721525
2026-04-13 17:00:00,0.26967221
2026-04-13 18:00:00,0.56737715
2026-04-13 19:00:00,0.75897384
2026-04-13 20:00:00,0.75165343
2026-04-13 21:00:00,0.5476849
2026-04-13 22:00:00,0.29101384
2026-04-13 23:00:00,0.06893952
2026-04-14 00:00:00,-0.13074838
2026-04-14 01:00:00,-0.3343257
2026-04-14 02:00:00,-0.49518433
2026-04-14 03:00:00,-0.56463635
2026-04-14 04:00:00,-0.2832245
2026-04-14 05:00:00,0.038395703
2026-04-14 06:00:00,0.3841812
2026-04-14 07:00:00,0.63105553
2026-04-14 08:00:00,0.7344154
2026-04-14 09:00:00,0.6260746
2026-04-14 10:00:00,0.3757456
2026-04-14 11:00:00,0.14861393
2026-04-14 12:00:00,-0.05127659
2026-04-14 13:00:00,-0.24531265
2026-04-14 14:00:00,-0.42775047
2026-04-14 15:00:00,-0.5206429
2026-04-14 16:00:00,-0.24531358
2026-04-14 17:00:00,0.11567588
2026-04-14 18:00:00,0.49521446
2026-04-14 19:00:00,0.7931684
2026-04-14 20:00:00,0.91938967
2026-04-14 21:00:00,0.8161108
2026-04-14 22:00:00,0.53861994
2026-04-14 23:00:00,0.2861502
2026-04-15 00:00:00,0.06819695
2026-04-15 01:00:00,-0.14561269
2026-04-15 02:00:00,-0.35310078
2026-04-15 03:00:00,-0.5004589
2026-04-15 04:00:00,-0.5135067
2026-04-15 05:00:00,-0.04858936
2026-04-15 06:00:00,0.33303556
2026-04-15 07:00:00,0.7308454
2026-04-15 08:00:00,0.92154795
2026-04-15 09:00:00,0.95025957
2026-04-15 10:00:00,0.7148912
2026-04-15 11:00:00,0.43347138
2026-04-15 12:00:00,0.1889782
2026-04-15 13:00:00,-0.017524887
2026-04-15 14:00:00,-0.23394275
2026-04-15 15:00:00,-0.4139842
2026-04-15 16:00:00,-0.46758506
2026-04-15 17:00:00,-0.010799356
2026-04-15 18:00:00,0.3730978
2026-04-15 19:00:00,0.7992783
2026-04-15 20:00:00,1.017568
2026-04-15 21:00:00,1.0692667
2026-04-15 22:00:00,0.83455527
2026-04-15 23:00:00,0.5354973
2026-04-16 00:00:00,0.28413284
2026-04-16 01:00:00,0.06586807
2026-04-16 02:00:00,-0.16090949
2026-04-16 03:00:00,-0.35840002
2026-04-16 04:00:00,-0.49547777
2026-04-16 05:00:00,-0.31884578
2026-04-16 06:00:00,0.20341498
2026-04-16 07:00:00,0.6545218
2026-04-16 08:00:00,1.0144368
2026-04-16 09:00:00,1.148985
2026-04-16 10:00:00,1.0411853
2026-04-16 11:00:00,0.72280383
2026-04-16 12:00:00,0.44309294
2026-04-16 13:00:00,0.21229629
2026-04-16 14:00:00,-0.01565669
2026-04-16 15:00:00,-0.2327268
2026-04-16 16:00:00,-0.40158662
2026-04-16 17:00:00,-0.38958612
2026-04-16 18:00:00,0.13449569
2026-04-16 19:00:00,0.55880296
2026-04-16 20:00:00,0.95025134
2026-04-16 21:00:00,1.0754298
2026-04-16 22:00:00,1.0009729
2026-04-16 23:00:00,0.6911336
2026-04-17 00:00:00,0.4147813
2026-04-17 01:00:00,0.18157753
2026-04-17 02:00:00,-0.04478245
2026-04-17 03:00:00,-0.26342338
2026-04-17 04:00:00,-0.43641877
2026-04-17 05:00:00,-0.538809
2026-04-17 06:00:00,-0.011845434
2026-04-17 07:00:00,0.43336886
2026-04-17 08:00:00,0.9313664
2026-04-17 09:00:00,1.1815959
2026-04-17 10:00:00,1.2543741
2026-04-17 11:00:00,0.9997237
2026-04-17 12:00:00,0.67195505
2026-04-17 13:00:00,0.4044764
2026-04-17 14:00:00,0.17924385
2026-04-17 15:00:00,-0.06578168
2026-04-17 16:00:00,-0.272852
2026-04-17 17:00:00,-0.4202003
2026-04-17 18:00:00,-0.2159722
2026-04-17 19:00:00,0.3023442
2026-04-17 20:00:00,0.7565203
2026-04-17 21:00:00,1.0519162
2026-04-17 22:00:00,1.1053903
2026-04-17 23:00:00,0.9168108
2026-04-18 00:00:00,0.6000384
2026-04-18 01:00:00,0.33799157
2026-04-18 02:00:00,0.115812145
2026-04-18 03:00:00,-0.11388283
2026-04-18 04:00:00,-0.3172408
2026-04-18 05:00:00,-0.4725447
2026-04-18 06:00:00,-0.40753525
2026-04-18 07:00:00,0.21677132
2026-04-18 08:00:00,0.7123902
2026-04-18 09:00:00,1.1625557
2026-04-18 10:00:00,1.3570015
2026-04-18 11:00:00,1.3067065
2026-04-18 12:00:00,0.97114474
2026-04-18 13:00:00,0.6483823
2026-04-18 14:00:00,0.40142652
2026-04-18 15:00:00,0.1639143
2026-04-18 16:00:00,-0.07677736
2026-04-18 17:00:00,-0.26779073
2026-04-18 18:00:00,-0.37362078
2026-04-18 19:00:00,0.08812959
2026-04-18 20:00:00,0.5214712
2026-04-18 21:00:00,0.96240926
2026-04-18 22:00:00,1.1436921
2026-04-18 23:00:00,1.1295162
2026-04-19 00:00:00,0.84006304
2026-04-19 01:00:00,0.5425523
2026-04-19 02:00:00,0.30104166
2026-04-19 03:00:00,0.07951392
2026-04-19 04:00:00,-0.1484327
2026-04-19 05:00:00,-0.33289483
2026-04-19 06:00:00,-0.4604458
2026-04-19 07:00:00,-0.073460266
2026-04-19 08:00:00,0.44388324
2026-04-19 09:00:00,0.99289495
2026-04-19 10:00:00,1.3319978
2026-04-19 11:00:00,1.4733196
2026-04-19 12:00:00,1.2810202
